Model,Epoch,loss,accuracy,top2_accuracy,val_loss,val_accuracy,val_top2_accuracy
LSTM,1,1.4034918546676636,0.3048192858695984,0.5112449526786804,1.3887220621109009,0.3014981150627136,0.5074906349182129
LSTM,2,1.3663580417633057,0.3345381617546081,0.5706827044487,1.353976488113403,0.3239700496196747,0.6142321825027466
LSTM,3,1.3353866338729858,0.3670682609081268,0.6289156675338745,1.303264617919922,0.3820224702358246,0.6666666865348816
LSTM,4,1.2854219675064087,0.3959839344024658,0.6566265225410461,1.2598692178726196,0.4138576686382293,0.6947565674781799
LSTM,5,1.25180184841156,0.4116465747356415,0.6951807141304016,1.244776725769043,0.4157303273677826,0.704119861125946
LSTM,6,1.2386537790298462,0.4309237003326416,0.7076305150985718,1.245451807975769,0.4082396924495697,0.6722846627235413
LSTM,7,1.225782036781311,0.418875515460968,0.7092369198799133,1.2464039325714111,0.385767787694931,0.6666666865348816
LSTM,8,1.2101417779922483,0.4441767036914825,0.7152610421180725,1.2371152639389038,0.4250936210155487,0.670412003993988
LSTM,9,1.2111340761184692,0.4469879567623138,0.7104417681694031,1.2376554012298584,0.4157303273677826,0.6779026389122009
LSTM,10,1.205035924911499,0.4469879567623138,0.7088353633880615,1.2288203239440918,0.4213483035564422,0.6891385912895203
LSTM,11,1.203447341918945,0.4465863406658172,0.7172690629959106,1.231277346611023,0.4119850099086761,0.6797752976417542
LSTM,12,1.1979042291641235,0.46465864777565,0.7281124591827393,1.2243525981903076,0.4232209622859955,0.6910112500190735
LSTM,13,1.2027558088302612,0.4554216861724853,0.73574298620224,1.2243866920471191,0.4269662797451019,0.6853932738304138
LSTM,14,1.1959978342056274,0.4453815221786499,0.7164658904075623,1.2270437479019165,0.3988763988018036,0.704119861125946
LSTM,15,1.182615041732788,0.4562248885631561,0.7353413701057434,1.2183823585510254,0.4176029860973358,0.7134831547737122
LSTM,16,1.1914042234420776,0.4662650525569916,0.73574298620224,1.2183210849761963,0.4176029860973358,0.7078651785850525
LSTM,17,1.185360312461853,0.4630522131919861,0.7329317331314087,1.2123234272003174,0.4400749206542969,0.7078651785850525
LSTM,18,1.173675537109375,0.4726907610893249,0.7445783019065857,1.212876558303833,0.436329573392868,0.7153558135032654
LSTM,19,1.17000150680542,0.4686746895313263,0.7397590279579163,1.2153258323669434,0.4400749206542969,0.7153558135032654
LSTM,20,1.1762458086013794,0.4682731032371521,0.7337349653244019,1.2178834676742554,0.4344569146633148,0.7228464484214783
BLSTM,1,1.399052977561951,0.2429718822240829,0.483132541179657,1.396222472190857,0.2471910119056701,0.466292142868042
BLSTM,2,1.3635070323944092,0.3317269086837768,0.6092369556427002,1.3427108526229858,0.3988763988018036,0.6760299801826477
BLSTM,3,1.3268705606460571,0.3807228803634643,0.6397590637207031,1.2893226146697998,0.4082396924495697,0.6741573214530945
BLSTM,4,1.2845661640167236,0.4012048244476318,0.671485960483551,1.251278519630432,0.3838951289653778,0.6853932738304138
BLSTM,5,1.2537049055099487,0.4244979918003082,0.7028112411499023,1.2370878458023071,0.3970037400722503,0.704119861125946
BLSTM,6,1.233647704124451,0.4232931733131408,0.7056224942207336,1.216537594795227,0.4250936210155487,0.7303370833396912
BLSTM,7,1.2280302047729492,0.4381526112556457,0.7120481729507446,1.2090579271316528,0.4400749206542969,0.7359550595283508
BLSTM,8,1.2237730026245115,0.4413654506206512,0.7212851643562317,1.2107194662094116,0.4419475793838501,0.7191011309623718
BLSTM,9,1.200575590133667,0.4550200700759887,0.7285140752792358,1.210838794708252,0.4344569146633148,0.720973789691925
CNN,1,1.5800994634628296,0.2433734983205795,0.5084337592124939,1.772057294845581,0.1273408234119415,0.3389513194561004
CNN,2,1.4123207330703735,0.2618473768234253,0.5124498009681702,1.5823956727981567,0.1273408234119415,0.2958801388740539
CNN,3,1.3830585479736328,0.2650602459907532,0.5329317450523376,1.4888262748718262,0.1273408234119415,0.4400749206542969
CNN,4,1.3829283714294434,0.2923694849014282,0.5710843205451965,1.5927584171295166,0.1273408234119415,0.5805243253707886
CNN,5,1.369917631149292,0.3285140693187713,0.6052208542823792,1.4856349229812622,0.1292134821414947,0.5692883729934692
CNN,6,1.3619139194488523,0.3192771077156067,0.5847389698028564,1.4031696319580078,0.2116104811429977,0.5730336904525757
CNN,7,1.3526023626327517,0.3353413641452789,0.5855421423912048,1.506173014640808,0.2116104811429977,0.5599250793457031
CNN,8,1.3300164937973022,0.3646586239337921,0.6152610182762146,1.5317615270614624,0.2153557986021042,0.5767790079116821
