Split,Class_ID,Stage_Label,Stage_Group,Precision,Recall,F1_Score,Support
Training,0,Stage I,Early,0.7469244288224957,0.373134328358209,0.49765807962529274,1139
Training,1,Stage II,Early,0.2903225806451613,0.4707692307692308,0.3591549295774648,325
Training,2,Stage III,Advanced,0.25757575757575757,0.17,0.20481927710843373,400
Training,3,Stage IV,Advanced,0.48849557522123893,0.8817891373801917,0.6287015945330297,626
Validation,0,Stage I,Early,0.7850467289719626,0.34146341463414637,0.47592067988668557,246
Validation,1,Stage II,Early,0.2459016393442623,0.4411764705882353,0.3157894736842105,68
Validation,2,Stage III,Advanced,0.18333333333333332,0.12222222222222222,0.14666666666666667,90
Validation,3,Stage IV,Advanced,0.4489795918367347,0.8461538461538461,0.5866666666666667,130
Test,0,Stage I,Early,0.6641221374045801,0.359504132231405,0.46648793565683644,242
Test,1,Stage II,Early,0.17592592592592593,0.2638888888888889,0.2111111111111111,72
Test,2,Stage III,Advanced,0.3125,0.2,0.24390243902439024,100
Test,3,Stage IV,Advanced,0.41125541125541126,0.7916666666666666,0.5413105413105413,120
