Split,Stage_Label,Stage_Name,Precision,Recall,F1_Score,Support
Training,0,Stage I,0.4580559254327563,0.30201931518876207,0.364021164021164,1139
Training,1,Stage II,0.1552431165787932,0.8153846153846154,0.2608267716535433,325
Training,2,Stage III,0.25,0.02,0.037037037037037035,400
Training,3,Stage IV,0.0,0.0,0.0,626
Validation,0,Stage I,0.4,0.24390243902439024,0.30303030303030304,246
Validation,1,Stage II,0.1356382978723404,0.75,0.22972972972972974,68
Validation,2,Stage III,0.25,0.022222222222222223,0.04081632653061224,90
Validation,3,Stage IV,0.0,0.0,0.0,130
Test,0,Stage I,0.46357615894039733,0.2892561983471074,0.356234096692112,242
Test,1,Stage II,0.1595744680851064,0.8333333333333334,0.26785714285714285,72
Test,2,Stage III,0.0,0.0,0.0,100
Test,3,Stage IV,0.0,0.0,0.0,120
