SYMBOL,TRANSCRIPT,COHORT,CANCER_TYPE,ROLE,MUTATIONS,SAMPLES,%_SAMPLES_COHORT,QVALUE_COMBINATION,DRIVER,SOURCE
ACVR1B,ENST00000257963,TCGA_WXS_LUAD,LUAD,LoF,13,9.0,0.0160714285714285,0.0005225628837912,True,Compendium_Cancer_Genes.tsv
ADCY2,ENST00000338316,CPTAC_WXS_LUAD_2020,LUAD,LoF,16.0,110,,4.939224359501347e-08,True,Unfiltered_drivers.tsv
AFF3,ENST00000672756,CBIOP_WXS_LUAD_VALLEN_2018,LUAD,LoF,5,5.0,0.1063829787234042,0.0118411586596593,True,Compendium_Cancer_Genes.tsv
ANK1,ENST00000289734,CPTAC_WXS_LUAD_2020,LUAD,Act,10,8.0,0.0727272727272727,0.0991343144873225,True,Compendium_Cancer_Genes.tsv
ANK2,ENST00000357077,PCAWG_WGS_LUNG_ADENOCA,LUAD,LoF,11.0,37,,0.0004453849291939,True,Unfiltered_drivers.tsv
APC,ENST00000257430,CBIOP_WXS_LUAD_ONCOSG_2020,LUAD,LoF,47,15.0,0.0496688741721854,2.5288790189765285e-11,True,Compendium_Cancer_Genes.tsv
ARAF,ENST00000377045,TCGA_WXS_LUAD,LUAD,Act,8,7.0,0.0125,0.0585459478857177,True,Compendium_Cancer_Genes.tsv
ARID1A,ENST00000324856,CBIOP_WXS_LUAD_BROAD,LUAD,LoF,17,13.0,0.0817610062893081,1.1863833239419283e-09,True,Compendium_Cancer_Genes.tsv
ARID2,ENST00000334344,TCGA_WXS_LUAD,LUAD,LoF,30,24.0,0.0428571428571428,3.890994013779484e-06,True,Compendium_Cancer_Genes.tsv
ASPM,ENST00000367409,CBIOP_WXS_LUAD_BROAD,LUAD,Act,16.0,159,,2.2599611586462227e-05,True,Unfiltered_drivers.tsv
ATF7IP,ENST00000261168,TCGA_WXS_LUAD,LUAD,LoF,15,13.0,0.0232142857142857,2.739709338314493e-05,True,Compendium_Cancer_Genes.tsv
ATM,ENST00000675843,CBIOP_WXS_LUAD_VALLEN_2018,LUAD,LoF,6,5.0,0.1063829787234042,0.0009657592305887,True,Compendium_Cancer_Genes.tsv
BCOR,ENST00000378444,CPTAC_WXS_LUAD_2020,LUAD,LoF,8,7.0,0.0636363636363636,0.0036428120332159,True,Compendium_Cancer_Genes.tsv
BIRC6,ENST00000421745,CPTAC_WXS_LUAD_2020,LUAD,LoF,12,7.0,0.0636363636363636,9.98443493048858e-05,True,Compendium_Cancer_Genes.tsv
BRAF,ENST00000646891,CBIOP_WXS_LUAD_ONCOSG_2020,LUAD,Act,9,9.0,0.0298013245033112,8.899273721440893e-10,True,Compendium_Cancer_Genes.tsv
CAPN5,ENST00000648180,TCGA_WXS_LUAD,LUAD,LoF,11.0,560,,0.0012889140507683,True,Unfiltered_drivers.tsv
CBLB,ENST00000394030,CBIOP_WXS_LUAD_VALLEN_2018,LUAD,Act,5,4.0,0.0851063829787234,0.0009244460768532,True,Compendium_Cancer_Genes.tsv
CDH10,ENST00000264463,CBIOP_WXS_LUAD_BROAD,LUAD,LoF,23,21.0,0.1320754716981132,0.0018314318868324,True,Compendium_Cancer_Genes.tsv
CDKN2A,ENST00000304494,CBIOP_WXS_LUAD_VALLEN_2018,LUAD,LoF,2,2.0,0.0425531914893617,0.0014030957768197,True,Compendium_Cancer_Genes.tsv
CIC,ENST00000681038,TCGA_WXS_LUAD,LUAD,LoF,8,8.0,0.0142857142857142,0.0056409247395266,True,Compendium_Cancer_Genes.tsv
CMTR2,ENST00000434935,TCGA_WXS_LUAD,LUAD,LoF,24,21.0,0.0375,2.6197281392046923e-08,True,Compendium_Cancer_Genes.tsv
CNBD1,ENST00000518476,CPTAC_WXS_LUAD_2020,LUAD,Act,7.0,110,,0.0017263259796366,True,Unfiltered_drivers.tsv
CRLF2,ENST00000400841,TCGA_WXS_LUAD,LUAD,LoF,10,7.0,0.0125,0.2957221726907059,True,Compendium_Cancer_Genes.tsv
CSMD3,ENST00000297405,CBIOP_WXS_LUAD_VALLEN_2018,LUAD,Act,18,13.0,0.2765957446808511,0.0003648699655752,True,Compendium_Cancer_Genes.tsv
CTNNA2,ENST00000402739,CBIOP_WXS_LUAD_VALLEN_2018,LUAD,Act,12,9.0,0.1914893617021276,5.266327096604343e-07,True,Compendium_Cancer_Genes.tsv
CTNNB1,ENST00000349496,CBIOP_WXS_LUAD_ONCOSG_2020,LUAD,Act,11,11.0,0.0364238410596026,1.9741089826375e-07,True,Compendium_Cancer_Genes.tsv
CTNND2,ENST00000304623,CBIOP_WXS_LUAD_ONCOSG_2020,LUAD,Act,20,20.0,0.0662251655629139,7.891028986669633e-06,True,Compendium_Cancer_Genes.tsv
CUX1,ENST00000292535,CBIOP_WXS_LUAD_BROAD,LUAD,LoF,10,9.0,0.0566037735849056,5.444804834106391e-05,True,Compendium_Cancer_Genes.tsv
DCAF12L2,ENST00000360028,CBIOP_WXS_LUAD_ONCOSG_2020,LUAD,Act,10,9.0,0.0298013245033112,0.0010219434895914,True,Compendium_Cancer_Genes.tsv
EGFR,ENST00000275493,CBIOP_WXS_LUAD_ONCOSG_2020,LUAD,Act,165,138.0,0.4569536423841059,3.294178289610846e-53,True,Compendium_Cancer_Genes.tsv
EP300,ENST00000263253,CPTAC_WXS_LUAD_2020,LUAD,LoF,4,4.0,0.0363636363636363,0.0006264650564474,True,Compendium_Cancer_Genes.tsv
EPHA7,ENST00000369303,CBIOP_WXS_LUAD_BROAD,LUAD,LoF,13,13.0,0.0817610062893081,1.843953552201961e-06,True,Compendium_Cancer_Genes.tsv
EPPK1,ENST00000615648,CBIOP_WXS_LUAD_ONCOSG_2020,LUAD,Act,21.0,302,,6.913388668363591e-20,True,Unfiltered_drivers.tsv
ERBB2,ENST00000269571,CBIOP_WXS_LUAD_ONCOSG_2020,LUAD,Act,15,13.0,0.043046357615894,0.0023470774712464,True,Compendium_Cancer_Genes.tsv
FAT4,ENST00000394329,CBIOP_WXS_LUAD_BROAD,LUAD,ambiguous,26,20.0,0.1257861635220125,0.0445093523322313,True,Compendium_Cancer_Genes.tsv
FBXW7,ENST00000281708,CBIOP_WXS_LUAD_ONCOSG_2020,LUAD,LoF,7,7.0,0.0231788079470198,0.0011815623316304,True,Compendium_Cancer_Genes.tsv
FLCN,ENST00000285071,TCGA_WXS_LUAD,LUAD,LoF,10,9.0,0.0160714285714285,0.0021792025890076,True,Compendium_Cancer_Genes.tsv
FLT4,ENST00000261937,CPTAC_WXS_LUAD_2020,LUAD,LoF,6,5.0,0.0454545454545454,0.0166199277353908,True,Compendium_Cancer_Genes.tsv
GNAS,ENST00000371085,TCGA_WXS_LUAD,LUAD,Act,10,10.0,0.0178571428571428,0.1197959360131219,True,Compendium_Cancer_Genes.tsv
GPAT2,ENST00000434632,CBIOP_WXS_LUAD_ONCOSG_2020,LUAD,Act,6.0,302,,2.187564253424463e-05,True,Unfiltered_drivers.tsv
GPR32,ENST00000270590,CBIOP_WXS_LUAD_ONCOSG_2020,LUAD,Act,8.0,302,,1.6910931732124618e-06,True,Unfiltered_drivers.tsv
KCNU1,ENST00000399881,CBIOP_WXS_LUAD_ONCOSG_2020,LUAD,Act,13.0,302,,1.2808625517185308e-07,True,Unfiltered_drivers.tsv
KDM5C,ENST00000375401,CPTAC_WXS_LUAD_2020,LUAD,LoF,7,7.0,0.0636363636363636,5.897085053198988e-05,True,Compendium_Cancer_Genes.tsv
KDR,ENST00000263923,CPTAC_WXS_LUAD_2020,LUAD,Act,11,9.0,0.0818181818181818,3.6222839265733646e-06,True,Compendium_Cancer_Genes.tsv
KEAP1,ENST00000171111,CBIOP_WXS_LUAD_ONCOSG_2020,LUAD,LoF,13,13.0,0.043046357615894,1.9209454147223653e-06,True,Compendium_Cancer_Genes.tsv
KMT2C,ENST00000262189,CBIOP_WXS_LUAD_BROAD,LUAD,LoF,24,20.0,0.1257861635220125,0.0003380274155956,True,Compendium_Cancer_Genes.tsv
KRAS,ENST00000311936,CBIOP_WXS_LUAD_ONCOSG_2020,LUAD,Act,30,28.0,0.0927152317880794,5.462978281573562e-32,True,Compendium_Cancer_Genes.tsv
LRP1B,ENST00000389484,CBIOP_WXS_LUAD_ONCOSG_2020,LUAD,LoF,29,25.0,0.0827814569536423,0.008881728734431,True,Compendium_Cancer_Genes.tsv
MACC1,ENST00000400331,CPTAC_WXS_LUAD_2020,LUAD,LoF,3,2.0,0.0181818181818181,0.0037819140105323,True,Compendium_Cancer_Genes.tsv
MADCAM1,ENST00000215637,CBIOP_WXS_LUAD_ONCOSG_2020,LUAD,Act,10.0,302,,1.2521042126070165e-21,True,Unfiltered_drivers.tsv
MAP2K1,ENST00000307102,TCGA_WXS_LUAD,LUAD,Act,8,8.0,0.0142857142857142,0.0029270245197194,True,Compendium_Cancer_Genes.tsv
MET,ENST00000397752,CBIOP_WXS_LUAD_ONCOSG_2020,LUAD,LoF,6,4.0,0.0132450331125827,5.7190751731167496e-06,True,Compendium_Cancer_Genes.tsv
MGA,ENST00000703841,TCGA_WXS_LUAD,LUAD,LoF,47,38.0,0.0678571428571428,7.84329959347911e-10,True,Compendium_Cancer_Genes.tsv
NBEA,ENST00000379939,PCAWG_WGS_LUNG_ADENOCA,LUAD,LoF,4,4.0,0.1081081081081081,0.0095689234453755,True,Compendium_Cancer_Genes.tsv
NCOA2,ENST00000452400,CBIOP_WXS_LUAD_BROAD,LUAD,LoF,9,9.0,0.0566037735849056,0.0026293264543742,True,Compendium_Cancer_Genes.tsv
NCOR1,ENST00000268712,CBIOP_WXS_LUAD_VALLEN_2018,LUAD,LoF,2,2.0,0.0425531914893617,0.0042151913455649,True,Compendium_Cancer_Genes.tsv
NF1,ENST00000358273,CBIOP_WXS_LUAD_ONCOSG_2020,LUAD,LoF,11,7.0,0.0231788079470198,1.6726771736079005e-05,True,Compendium_Cancer_Genes.tsv
NFKBIE,ENST00000619360,CBIOP_WXS_LUAD_ONCOSG_2020,LUAD,LoF,7,3.0,0.009933774834437,0.0140326211543649,True,Compendium_Cancer_Genes.tsv
NOTCH1,ENST00000651671,CBIOP_WXS_LUAD_VALLEN_2018,LUAD,Act,8,4.0,0.0851063829787234,0.0112238170345706,True,Compendium_Cancer_Genes.tsv
NRAS,ENST00000369535,TCGA_WXS_LUAD,LUAD,Act,3,3.0,0.0053571428571428,0.1046985186147459,True,Compendium_Cancer_Genes.tsv
OR8H2,ENST00000313503,CBIOP_WXS_LUAD_BROAD,LUAD,LoF,8.0,159,,0.006840576235393,True,Unfiltered_drivers.tsv
OR8U1,ENST00000302270,TCGA_WXS_LUAD,LUAD,Act,38.0,560,,0.0038936266249551,True,Unfiltered_drivers.tsv
PARP4,ENST00000381989,CBIOP_WXS_LUAD_ONCOSG_2020,LUAD,Act,14,12.0,0.0397350993377483,2.553228322425143e-05,True,Compendium_Cancer_Genes.tsv
PBRM1,ENST00000707071,CBIOP_WXS_LUAD_BROAD,LUAD,Act,4,3.0,0.0188679245283018,0.0053857496060697,True,Compendium_Cancer_Genes.tsv
PER3,ENST00000377532,CBIOP_WXS_LUAD_ONCOSG_2020,LUAD,Act,12,11.0,0.0364238410596026,7.507915369605033e-17,True,Compendium_Cancer_Genes.tsv
PHF6,ENST00000370803,CPTAC_WXS_LUAD_2020,LUAD,Act,2,2.0,0.0181818181818181,0.1541091070432043,True,Compendium_Cancer_Genes.tsv
PIK3CA,ENST00000263967,CBIOP_WXS_LUAD_ONCOSG_2020,LUAD,Act,15,13.0,0.043046357615894,9.01187481871812e-08,True,Compendium_Cancer_Genes.tsv
PPM1D,ENST00000305921,CBIOP_WXS_LUAD_ONCOSG_2020,LUAD,LoF,3,3.0,0.009933774834437,0.0019497871879807,True,Compendium_Cancer_Genes.tsv
PTEN,ENST00000371953,CBIOP_WXS_LUAD_ONCOSG_2020,LUAD,LoF,6,4.0,0.0132450331125827,5.720792786340763e-07,True,Compendium_Cancer_Genes.tsv
RB1,ENST00000267163,CBIOP_WXS_LUAD_ONCOSG_2020,LUAD,LoF,11,6.0,0.0198675496688741,1.4711072356866278e-11,True,Compendium_Cancer_Genes.tsv
RBM10,ENST00000377604,CBIOP_WXS_LUAD_ONCOSG_2020,LUAD,LoF,23,18.0,0.0596026490066225,6.84809672237829e-21,True,Compendium_Cancer_Genes.tsv
RBM15,ENST00000369784,CBIOP_WXS_LUAD_ONCOSG_2020,LUAD,LoF,2,2.0,0.0066225165562913,0.0470871101291501,True,Compendium_Cancer_Genes.tsv
RGS7,ENST00000440928,CPTAC_WXS_LUAD_2020,LUAD,Act,13,11.0,0.1,0.0030809389595697,True,Compendium_Cancer_Genes.tsv
RHPN2,ENST00000254260,CBIOP_WXS_LUAD_ONCOSG_2020,LUAD,LoF,13,12.0,0.0397350993377483,3.1358999804067333e-24,True,Compendium_Cancer_Genes.tsv
RPL5,ENST00000370321,TCGA_WXS_LUAD,LUAD,LoF,7,3.0,0.0053571428571428,0.0105617163698337,True,Compendium_Cancer_Genes.tsv
SETD1B,ENST00000604567,CPTAC_WXS_LUAD_2020,LUAD,LoF,9,9.0,0.0818181818181818,6.884953700091318e-06,True,Compendium_Cancer_Genes.tsv
SETD2,ENST00000409792,CBIOP_WXS_LUAD_ONCOSG_2020,LUAD,LoF,10,6.0,0.0198675496688741,2.553228322425143e-05,True,Compendium_Cancer_Genes.tsv
SLC34A2,ENST00000382051,CBIOP_WXS_LUAD_ONCOSG_2020,LUAD,Act,9,5.0,0.0165562913907284,0.0045765436996367,True,Compendium_Cancer_Genes.tsv
SMAD4,ENST00000342988,CBIOP_WXS_LUAD_ONCOSG_2020,LUAD,LoF,10,7.0,0.0231788079470198,4.273219752161979e-08,True,Compendium_Cancer_Genes.tsv
SMARCA4,ENST00000344626,CBIOP_WXS_LUAD_VALLEN_2018,LUAD,Act,4,2.0,0.0425531914893617,0.0348352786910956,True,Compendium_Cancer_Genes.tsv
SPEN,ENST00000375759,CBIOP_WXS_LUAD_BROAD,LUAD,Act,8,8.0,0.050314465408805,0.0186459757901326,True,Compendium_Cancer_Genes.tsv
STK11,ENST00000326873,CBIOP_WXS_LUAD_ONCOSG_2020,LUAD,LoF,10,8.0,0.0264900662251655,2.0560773940894237e-09,True,Compendium_Cancer_Genes.tsv
TAS2R1,ENST00000382492,TCGA_WXS_LUAD,LUAD,LoF,17.0,560,,0.0012025094995889,True,Unfiltered_drivers.tsv
TMEM14B,ENST00000379542,CBIOP_WXS_LUAD_ONCOSG_2020,LUAD,Act,13.0,302,,8.439492198540584e-07,True,Unfiltered_drivers.tsv
TP53,ENST00000269305,CBIOP_WXS_LUAD_ONCOSG_2020,LUAD,LoF,101,86.0,0.2847682119205298,2.57604097932232e-46,True,Compendium_Cancer_Genes.tsv
TRPV5,ENST00000265310,CBIOP_WXS_LUAD_BROAD,LUAD,Act,16.0,159,,0.0006851784914025,True,Unfiltered_drivers.tsv
TRRAP,ENST00000456197,CPTAC_WXS_LUAD_2020,LUAD,LoF,8,7.0,0.0636363636363636,5.113744157016495e-05,True,Compendium_Cancer_Genes.tsv
TSC1,ENST00000298552,CPTAC_WXS_LUAD_2020,LUAD,LoF,5,3.0,0.0272727272727272,0.001323787209152,True,Compendium_Cancer_Genes.tsv
U2AF1,ENST00000291552,CBIOP_WXS_LUAD_ONCOSG_2020,LUAD,Act,5,5.0,0.0165562913907284,0.0009956967020319,True,Compendium_Cancer_Genes.tsv
VAV1,ENST00000602142,CBIOP_WXS_LUAD_BROAD,LUAD,LoF,6,6.0,0.0377358490566037,0.0001715272209723,True,Compendium_Cancer_Genes.tsv
ZEB1,ENST00000424869,TCGA_WXS_LUAD,LUAD,Act,40,37.0,0.0660714285714285,0.0114786023491684,True,Compendium_Cancer_Genes.tsv
ZFHX4,ENST00000651372,PCAWG_WGS_LUNG_ADENOCA,LUAD,LoF,10.0,37,,2.0324092864287457e-07,True,Unfiltered_drivers.tsv
ZMYM3,ENST00000314425,CBIOP_WXS_LUAD_ONCOSG_2020,LUAD,LoF,4,4.0,0.0132450331125827,0.0007681246494085,True,Compendium_Cancer_Genes.tsv
ZNF493,ENST00000392288,CBIOP_WXS_LUAD_ONCOSG_2020,LUAD,Act,6.0,302,,0.0014522361460362,True,Unfiltered_drivers.tsv
ZNF708,ENST00000356929,CBIOP_WXS_LUAD_VALLEN_2018,LUAD,Act,17.0,47,,0.000350103409784,True,Unfiltered_drivers.tsv
ZNF724,ENST00000418100,CBIOP_WXS_LUAD_VALLEN_2018,LUAD,Act,13.0,47,,0.0405723450102501,True,Unfiltered_drivers.tsv
