round,hospital/client,local_training_samples,local_train_loss,local_train_accuracy,local_validation_loss,local_validation_accuracy,local_validation_f1,local_validation_roc_auc,weighted_round_validation_loss,weighted_round_validation_accuracy,weighted_round_validation_f1,weighted_round_validation_roc_auc
1,Hospital 1,759,0.7089777588844299,0.5375494360923767,0.696631669998169,0.5368421052631579,0.5463917525773196,0.6231684981684982,0.6937544941902161,0.5894736842105263,0.5764872496990309,0.6432005494505495
1,Hospital 2,759,0.7110153436660767,0.5256916880607605,0.6936373114585876,0.6210526315789474,0.6043956043956045,0.6730769230769231,0.6937544941902161,0.5894736842105263,0.5764872496990309,0.6432005494505495
1,Hospital 3,758,0.7109171152114868,0.5501319169998169,0.7026901245117188,0.5052631578947369,0.5765765765765766,0.5889423076923077,0.6937544941902161,0.5894736842105263,0.5764872496990309,0.6432005494505495
2,Hospital 1,759,0.6858442425727844,0.5599473118782043,0.6795950531959534,0.531578947368421,0.5435897435897437,0.6561355311355311,0.6773467858632406,0.5929824561403508,0.5923920055717105,0.6659416971916973
2,Hospital 2,759,0.6892379522323608,0.5704874992370605,0.6745375990867615,0.6473684210526316,0.6338797814207651,0.7029532967032966,0.6773467858632406,0.5929824561403508,0.5923920055717105,0.6659416971916973
2,Hospital 3,758,0.6893225908279419,0.5857519507408142,0.6878934502601624,0.5578947368421052,0.588235294117647,0.6118360805860806,0.6773467858632406,0.5929824561403508,0.5923920055717105,0.6659416971916973
3,Hospital 1,759,0.6665492057800293,0.591567873954773,0.6594644784927368,0.5631578947368421,0.5513513513513513,0.6846382783882784,0.6625925501187643,0.6157894736842106,0.6087519711646767,0.6853250915750915
3,Hospital 2,759,0.671209454536438,0.6113306879997253,0.6644686460494995,0.6578947368421053,0.656084656084656,0.7186355311355311,0.6625925501187643,0.6157894736842106,0.6087519711646767,0.6853250915750915
3,Hospital 3,758,0.6711191534996033,0.6081793904304504,0.6729328632354736,0.5684210526315789,0.5858585858585859,0.6365613553113553,0.6625925501187643,0.6157894736842106,0.6087519711646767,0.6853250915750915
